text,label,notes
This is the thing that really bothers me about the Switch reveal.,opinion,
New God of War game looks good,opinion,
"As a PC player with ds4, I wish every game had this option. [The Surge]",opinion,
People over reacted about ME Andromeda,opinion,
Fortnite: Battle Royale doesn't deserve the popularity that it's getting.,opinion,
Let's hope Rockstar doesn't ruin this with microtransactions like they did with GTA V. This could potentially be the best game ever made if they do it right.,opinion,
The GameCube Was Best,opinion,
The best tycoon game of all time (Rollercoaster Tycoon),opinion,
One of the best classic game of my time.,opinion,
It's still the best finale to any Call of Duty game to date,opinion,
I love to customize myself but everyone else in certain video games...,opinion,
Really wish we could have this remastered.,opinion,
Shout out to one of the best games ever made!,opinion,
This is why CD Projekt Red is the best company ever,opinion,
I love how the chopper affects the smoke trail. [Arma 3],opinion,
Just wanted to remind you all of the best game I have ever played and the most consumer friendly devs I have ever seen. Thank you for The Witcher 3 : Wild Hunt.,opinion,
This is the best picture ever.,opinion,
I love turning this light on before I begin a night of gaming! It’s all about atmosphere!,opinion,
I wish this franchise would make a comeback.,opinion,
"Well done on Blizzards part, I think more gaming companies should be doing this.",opinion,
Not a fan of the Switch. Am I alone in this?,opinion,
Bethesda announces yet another Skyrim port,opinion,"opinion vs explanation; phrased as news, but ""yet another"" carries judgment. Kept as opinion because the take is the point."
Gotta love PS4 remote play,opinion,
Still the greatest game ever made!,opinion,
Apple is a scam,opinion,
Xbox can have 4k but nothing to show in 4k,opinion,
"We need a remaster for PS4, was such a fun game to play and I don’t have a ps3 or wii anymore :(",opinion,
As An Owner Of Both I Really Appreciate The Variety Microsoft Provides. Anyone Else Think Sony Needs To Innovate A Bit More Sometimes?,opinion,
I can't find any reason to NOT buy this.,opinion,
"Nothing to see here, just a 5 billion dollar company shooting itself in the foot over and over.",opinion,
Honestly the only retro arcade game collection I ever needed. Literally spent so much time playing it during summers growing up.,opinion,
"Not the game we deserved, but the game we needed. Until EA got it's grubby hands on it.",opinion,
I think they might be onto something...,opinion,
"My favorite game? Yes, that one.",opinion,
"Happy May the Fourth to this guy, still one of my favorite SW characters (even if he’s no longer “official”)",opinion,
"With so much talk about games needing to be remastered or remade, I'd like to remind everyone that there are still some games that don't need any and instead age like wine.",opinion,
Why PC gaming is not objectively superior to console gaming,opinion,
People can't complain about a bad remake if you never release it,opinion,
Every new CoD that gets released,opinion,
"It seems that game graphics have been improving at a decreased rate over the past 10 years, compared with the previous 10 years. Is there a prospective break through coming in the near future?",opinion,
Blizzard is a joke now. Scammed me from 2 CD keys I bought from them years ago.,opinion,
The best thing a gaming company has done.,opinion,
One Of The Best Games No One Bought Or Played,opinion,
"This is such a weird duo, but should I buy a SNES classic or a PS3 slim? [Nintendo] [Playstation] [help]",opinion,"opinion vs seeking_assistance; has a subjective setup but asks for buying advice, so the request controls."
Is it worth spending 4 years of your life to develop a video game?,opinion,
Which game is better? Opinions,opinion,
"If piracy wasn't as big/rampant as it is, would game developers see the need to make money other ways (loot boxes) or would this still of happened because they're greedy?",opinion,
Will other games take Fortnites free game tactic since there huge success?,opinion,
"Anybody else believe that Minesweeper should have a Battle Royale mode added? Also lootboxes, obviously.",opinion,
Show the Developers that you care,opinion,
Annual Video Game Console Sales (1975-2017) [OC],explanation,
Star Wars Episode 1 Racer out now on GOG,explanation,
Forza Horizon 4 Official Screenshot Leaked!,explanation,
Sony adds a bunch of PS 2 Games to Playstation Now,explanation,
Red Dead Redemption 2: Official Trailer #3,explanation,
RED DEAD REDEMPTION 2 new trailer,explanation,
POKEMON SWITCH SCREENSHOT LEAKED,explanation,
This update for fallout shelter,explanation,
"Improve your PS4 controller with XBox One joysticks. Slightly higher, more grip, more comfortable.",explanation,
We made a local multiplayer parkour game that you play on PC but control with your phones,explanation,
Bf1 &amp; bf4 dlc free!!!,explanation,
God of War sales top 3.1M units in just three days!,explanation,
"In 1994, this is what a video game trailer looked like",explanation,
TIL who 'Mass Effect: Andromeda' developers were using for lipsync,explanation,
FAR: Lone Sails is a zombie-free post-apocalyptic vehicle journey. After two years of work we’re finally releasing it this month,explanation,
PS5 release news - Shock Sony leak hints at AMAZING new PlayStation feature,explanation,
Next God of War Announced!!,explanation,
"Frostpunk has sold 250,000 copies in 66 hours since its release.",explanation,
"When GameStop sells a used game, do the developers of that game get a fraction of money made from it?",explanation,"explanation vs seeking_assistance; asks a factual mechanics question about the industry, so labeled explanation/news-style info need."
Store charging 69 euro to update a new console.,explanation,
Players Have Made 15 Billion Kills in Assassin's Creed Origins,explanation,
Nintendo Switch Online details + Pricing revealed,explanation,
Rumour: Cyberpunk 2077 Will Get an Hour-Long Presentation at E3 2018,explanation,
"Today, a friend of mine finally released his first game: Greenpy Ball!",explanation,
"Anthem coming March 2019, EA confirms",explanation,
An Early Review Of Garage for the Nintendo Switch (Releases Tomorrow),explanation,
"PS4 expands its sales lead, now 71% of “two-console” market with Xbox One",explanation,
God of War movie starring khal drogo (aquaman) as Kratos confirmed,explanation,
"Borderlands 3, Rage 2, forza horizon 5(?), smash bros for the switch, just cause 4, and more confirmed with tentative dates.",explanation,
The New Battlefield will be revealed May 23rd #NeverBeTheSame,explanation,
Detroit: Become Human – PS4,explanation,
Steam takes away 9 titles I paid for off of humble bundle months ago?,explanation,
Nintendo's New President Plans to 'Expand' the Company's Mobile Presence,explanation,
Free EU Key for Ghost Recon: Wildlands,explanation,
"Watch ""Red Dead Redemption 2: Official Trailer #3"" on YouTube",explanation,
Red Dead Redemption 2 | Official Trailer #3 | PS4,explanation,
Leaked image of the Elder Scrolls 6,explanation,
The New AtariVCS Video Game Console and Entertainment System is almost here,explanation,
New Splinter Cell To Be Announced @ E3?,explanation,
Play as Zelda in new BOTW mod,explanation,
Rumor: Cyberpunk 2077 Hour-Long Presentation Coming To E3,explanation,
"Battlefield 5 will feature “unique battles” and new challenges, Anthem to be designed around player input",explanation,
BioWare's New IP Anthem Will Let You Play Early,explanation,
Walmart leaked some major E3 titles,explanation,
Here's a list of games that were recently leaked to be shown at E3. These are all Wal-Mart Canada listings. Source: vgleaks,explanation,
"EA: Loot Boxes are ""Here to Stay"" - Game News",explanation,
Official Sea of Thieves Developer Update: May 10th 2018,explanation,
Operation Para Bellum Trailer,explanation,
"State of Decay 2 amazing Live Action Trailer (2018) Xbox One, PC Game",explanation,
On This Day 23 Years Ago - The Sega Saturn Launched,explanation,
"Add me on PSN PS4. Wanna play games with people! Fortnite, COD, a way out! Anything! Add away!",seeking_assistance,
Are there any games you can play on mobile AND PC?,seeking_assistance,
What Are Some Nontoxic Social Online Games Similar To Overwatch?,seeking_assistance,
going to be laid up for a month. help me find something to (rpg-ish) enjoy!,seeking_assistance,
Any fortnite players on here know if I bought the battle pass on my fortnite mobile app I would have it on my console? As it is the same account or is it completely different when it comes to purchases?,seeking_assistance,
should i focus on wow and lol for a while ?,seeking_assistance,
Should i buy a ps4 pro or nintendo switch?,seeking_assistance,
Looking for recommendations for pc games that'll fit my limited laptop,seeking_assistance,
Is it worth buying the PS4 Pro for God of War if I’ve already got the Xbox One X?,seeking_assistance,
Need monthly gaming challenge competition ideas.,seeking_assistance,
Looking for games to play on my potato PC,seeking_assistance,
Any advantages of Sega being a third-party developer?,seeking_assistance,
Should I play skyrim or fallout new vegas?,seeking_assistance,
What is the best free offline mobile game?,seeking_assistance,
What are some essential games for the ps4?,seeking_assistance,
"I want to buy a mouse, i have small hands and use claw grip. Any ideas?",seeking_assistance,
Mouse recommendations...,seeking_assistance,
'Never played a dating sim before. You guys know any good ones?,seeking_assistance,
What game should I get?,seeking_assistance,
Game Recommendations?,seeking_assistance,
Need some game suggestions I can sink many hours into.,seeking_assistance,
New Game Recommendations?,seeking_assistance,
Help me choose: Xbox one x or ps4 pro,seeking_assistance,
Looking for a solid FPS,seeking_assistance,
"Xbox just died and I having a gaming laptop. What are some fun, easy, FPS games I can play to get me used to K/M?",seeking_assistance,
"Hey you guys, need your help here, ehat game is this?",seeking_assistance,
Any God of War tips for a noob to the series?,seeking_assistance,
Game reccomendations for PS4?,seeking_assistance,
What are some good single player loot grinding games?,seeking_assistance,
"r/gaming, help me find the perfect game for my little brother!",seeking_assistance,
Where can I download the game Rise and Fall: Civilizations at War?,seeking_assistance,
Need help replacing Borderlands,seeking_assistance,
Which is the better open world game - Just Cause 3 or Far Cry 5?,seeking_assistance,
What should I build in terraria,seeking_assistance,
Need Help with Gaming Suggestions,seeking_assistance,
Why doesn't my windows 10 computer not want to record any gameplay anymore?,seeking_assistance,
Should I look at going for a PS5 when it comes out in 2020? Or a gaming PC to upgrade?,seeking_assistance,
"Unbiased opinion,PS4 or Xbox One?",seeking_assistance,
Looking for new FPS to play on PC,seeking_assistance,
Pokemon sun or moon...which one?,seeking_assistance,
Should I play Call of Duty: WWII?,seeking_assistance,
What are some games where the hero ends up signing with the villain?,seeking_assistance,
Any online games with good healer/support roles? For PS4 or Xbox One.,seeking_assistance,
Why is saving anywhere so uncommon compared to checkpoints? Which do you prefer?,seeking_assistance,
Which should I play first?,seeking_assistance,
is there any word on when Switch is actually getting games?,seeking_assistance,
"What would you say is a good, high-quality controller for PC?",seeking_assistance,
"Looking for easy to run, controller support PC game..",seeking_assistance,
Any good horror games out on PS4 ? Recommendations pls!,seeking_assistance,
Need help finding a game (PC) for my girlfriend,seeking_assistance,
This Game Boy was damaged when barracks were bombed during the 1990 - 1991 Gulf War. It still works!,cool_fact,
GoldenEye 007 turns 20. Honor the Big Brother of FPS.,cool_fact,
My son has been saving for months for a Switch. He finally saved enough to buy me one!,cool_fact,
Little buddy got his first solo win tonight.,cool_fact,
Horizon Zero Dawn Aloy/Watcher Cosplay,cool_fact,
The Orange Shirt Kid´s Dance actually made it to fortnite,cool_fact,
I found the perfect game for you.,cool_fact,
Beat Saber is Out Now!!!,cool_fact,
I came home from an awful 10 hour overnight shift to find this on my counter with no explanation. Turns out my dad is in town and wanted to reward me for finishing my first year at uni!,cool_fact,
They added Orange Shirt Kid to Fortnite (x-post /r/videos),cool_fact,
Found this in the attic,cool_fact,
Found my old Halo: Combat Evolved booklet in my dad's attic.,cool_fact,
"The original Battle Royale game built in sportsmanlike conduct into the rules.. Pre-toxicity, circa 1934..",cool_fact,
My first time using a wood burner. Made this today in my sixth grade class,cool_fact,
"My daughter (two years old) drew this the other day and made me show the ""game people on my computer.""",cool_fact,
"Just finished my first build, proud. Witcher, here come ;)",cool_fact,
I still don't know how you sneak with bottlecaps on you in Fallout (Bottle Caps I designed from scratch and printed ontop of and also weathered right afterwards!),cool_fact,
So i found this today,cool_fact,
"Found this in the web comic ""Let's Play.""",cool_fact,
My friend made this on the WiiU. Thought you all might enjoy it.,cool_fact,
"Found a hidden shield worth 10 stars on the blue mark in the prison, anyone know what it’s about? (Also free 10 stars)",cool_fact,"cool_fact vs seeking_assistance; asks a question, but the main value is sharing a hidden discovery."
"My dad asked me to go through my room, that I grew up in. Found this gem that started it all.",cool_fact,
I made dis cute fluffy Geralt of Rivia :),cool_fact,
Discovered one of Riddlers' clues on the way to work. I wonder what's underneath,cool_fact,
"(FO4) Nearly a year later, this handy glitch is still a thing :D",cool_fact,
One of my favorite easter eggs - The Witcher 2,cool_fact,
The boys made it to sims 4,cool_fact,
Finally got it running on my PC!,cool_fact,
I made a handheld 64.,cool_fact,
"After my GameCube collection was stolen as a kid, I’ve finally built it back up! Still missing a couple titles, but I’m very happy with what I’ve gotten so far.",cool_fact,
"81 year old just bought his first gaming system, so he can play Farming Simulator 17.",cool_fact,
I found a way to deal with tutorials,cool_fact,
"After an hour of carefully applying skins, my Switch is now matte white!",cool_fact,
"Just picked up my switch, BotW and Skyrim!",cool_fact,
"Picked up this gem at the local thrift store today. Also, it was FREE!",cool_fact,
"Went to Target, Found a PS4 Slim 1TB on clearance for $104, still sealed!",cool_fact,
My Nintendo Switch skinned as an NES,cool_fact,
The 20th anniversary PS4 controller. Beautiful.,cool_fact,
Hey Reddit! My dad (91) was in the hospital recently so I figured I’d cheer him up by buying him a Switch so we could play Mario Cart together. He hasn’t been this happy in while!,cool_fact,
Throwback to the fateful day i finally got my switch ��������,cool_fact,
An interesting look at Mister Negative from the new Spider-man PS4 game,cool_fact,
"The replacement of Flappy Bird? It is free, addictive and annoying at the same time. Imgur loved it(217k). I've found it there. Now I'm playing and can't stop.",cool_fact,
First World Wii U Pro Controller Problems,cool_fact,
Vault-Tec has noticed many Overseers prefer game icons with faces screaming to the right.,cool_fact,
Almost 20 years later and this f-ing door is still the bane of my existence [Episode 1 Racer],cool_fact,
A look at games thought history with help from the Mona Lisa,cool_fact,
I was so happy with this negative steam review of my game that I framed it on my wall :),cool_fact,
My girlfriends dad was a Microsoft employee that was part of the launch team in 2001. He told me I could have what ever was left in his old house. So I grabbed this.,cool_fact,
"For PAX East this year, i made a custom witcher inspired armor set. Its made from water hardened rawhide, steel plating, brass and monel rivets, and plenty of leather straps, all on top of a custom quilted fabric arming coat.",cool_fact,
I used the laser cutter/engraver at work to make something grossly incandescent,cool_fact,
